market_id,product_id,prod_char,price,share,true_delta,share_not_buy,instrument_cost,instrument_char,instrument_price
0,0,1.24845829379,-0.257491649034,0.162193184031,3.47148485877,0.00503794476007,-1.352952289,-1.24845829379,0.257491649034
0,1,0.312114573447,-0.818984905113,0.14477051288,3.35809079111,0.00503794476007,0.680173158302,-0.312114573447,0.818984905113
0,2,-1.42680947862,1.63921917072,1.12623878232e-06,-8.40572316846,0.00503794476007,0.817655495496,1.42680947862,-1.63921917072
0,3,0.0445877962068,-1.45423707038,0.671573169679,4.89261670428,0.00503794476007,0.191559405323,-0.0445877962068,1.45423707038
0,4,0.980931516549,0.267231613044,0.0163677983053,1.17809186171,0.00503794476007,-1.38169111295,-0.980931516549,-0.267231613044
0,5,-1.15928270138,0.624262840765,5.62641065367e-05,-4.49456104742,0.00503794476007,1.04525534283,1.15928270138,-0.624262840765
1,0,1.24845829379,0.619971466609,0.112175881211,0.575856577148,0.0630771089249,0.771046539669,-1.24845829379,-0.619971466609
1,1,0.312114573447,-0.07205764073,0.154090094622,0.893230818648,0.0630771089249,0.156838216226,-0.312114573447,0.07205764073
1,2,-1.42680947862,-1.3106497049,0.238307273174,1.32884412106,0.0630771089249,-0.847978138637,1.42680947862,1.3106497049
1,3,0.0445877962068,0.924056453837,0.00328247620663,-2.95575192563,0.0630771089249,-1.73988389136,-0.0445877962068,-0.924056453837
1,4,0.980931516549,1.14932913008,0.0111495563841,-1.7328299445,0.0630771089249,1.18836264094,-0.980931516549,-1.14932913008
1,5,-1.15928270138,-1.3106497049,0.417917609477,1.89065035327,0.0630771089249,0.47161463316,1.15928270138,1.3106497049
2,0,1.24845829379,2.02390771881,0.000496304377851,-4.05713305512,0.0286804760611,-0.903566777326,-1.24845829379,-2.02390771881
2,1,0.312114573447,0.185801798729,0.0299217036822,0.0422946684332,0.0286804760611,-0.236189073341,-0.312114573447,-0.185801798729
2,2,-1.42680947862,-0.933505721375,0.0311956457745,0.0842689754437,0.0286804760611,-0.334761085075,1.42680947862,0.933505721375
2,3,0.0445877962068,-0.933505721375,0.685692765382,3.17420325257,0.0286804760611,0.974548820522,-0.0445877962068,0.933505721375
2,4,0.980931516549,0.0126188788407,0.215895095646,2.01831388458,0.0286804760611,-1.15375868142,-0.980931516549,-0.0126188788407
2,5,-1.15928270138,-0.355316953631,0.00811800907682,-1.26194772591,0.0286804760611,1.65372679664,1.15928270138,0.355316953631
3,0,1.24845829379,-0.134933240051,0.513108685139,3.06704210913,0.0238818340249,1.4038806838,-1.24845829379,0.134933240051
3,1,0.312114573447,1.58096167769,0.000249437150176,-4.56173293215,0.0238818340249,-1.28467798024,-0.312114573447,-1.58096167769
3,2,-1.42680947862,-0.330488680988,0.00355109758755,-1.90568725784,0.0238818340249,-1.34791565708,1.42680947862,0.330488680988
3,3,0.0445877962068,-0.632709363067,0.211600960351,2.18157527015,0.0238818340249,0.522852340551,-0.0445877962068,0.632709363067
3,4,0.980931516549,0.953625951773,0.00805547658737,-1.0870094561,0.0238818340249,0.493199194066,-0.980931516549,-0.953625951773
3,5,-1.15928270138,-1.43645634536,0.23955250916,2.3058122668,0.0238818340249,0.2126614189,1.15928270138,1.43645634536
4,0,1.24845829379,-0.253603374208,0.0577142044994,3.45865355184,0.00181682279922,0.854995707001,-1.24845829379,0.253603374208
4,1,0.312114573447,1.309285996,4.650529254e-05,-3.66520318255,0.00181682279922,0.47103009494,-0.312114573447,-1.309285996
4,2,-1.42680947862,0.261603932365,3.83105772996e-05,-3.8595928819,0.00181682279922,-0.796933070661,1.42680947862,-0.261603932365
4,3,0.0445877962068,-1.86487007378,0.938969973618,6.24770561551,0.00181682279922,-1.83670914765,-0.0445877962068,1.86487007378
4,4,0.980931516549,0.786312317588,0.00106397599996,-0.534874463287,0.00181682279922,0.95677671505,-0.980931516549,-0.786312317588
4,5,-1.15928270138,-0.238728797961,0.000350207213234,-1.64668863962,0.00181682279922,0.350839701323,1.15928270138,0.238728797961
5,0,1.24845829379,-0.185439371158,0.500244473139,3.23371234178,0.0197220474995,1.27666015912,-1.24845829379,0.185439371158
5,1,0.312114573447,0.16442162438,0.0220758277551,0.112849243786,0.0197220474995,-0.132597726127,-0.312114573447,-0.16442162438
5,2,-1.42680947862,-1.78993923459,0.362431689626,2.91049956904,0.0197220474995,1.05830853341,1.42680947862,1.78993923459
5,3,0.0445877962068,-0.439733431646,0.0924323029342,1.54475469647,0.0197220474995,0.280690373685,-0.0445877962068,0.439733431646
5,4,0.980931516549,1.19063742286,0.0030413434331,-1.86914731069,0.0197220474995,-1.05317484448,-0.980931516549,-1.19063742286
5,5,-1.15928270138,1.06005299015,5.23156134488e-05,-5.93266854038,0.0197220474995,-1.42988649561,1.15928270138,-1.06005299015
6,0,1.24845829379,2.02137063138,0.000615255267985,-4.04876066658,0.0352449361865,0.806958296403,-1.24845829379,-2.02137063138
6,1,0.312114573447,-0.638461329676,0.558274370587,2.76236299217,0.0352449361865,0.678575411443,-0.312114573447,0.638461329676
6,2,-1.42680947862,-0.638461329676,0.0144733641725,-0.889377517164,0.0352449361865,1.31494200669,1.42680947862,0.638461329676
6,3,0.0445877962068,-0.638461329676,0.318270516648,2.20055675996,0.0352449361865,-0.364178739404,-0.0445877962068,0.638461329676
6,4,0.980931516549,0.532474687328,0.0477349998037,0.302789716571,0.0352449361865,-1.38973462939,-0.980931516549,-0.532474687328
6,5,-1.15928270138,-0.638461329676,0.0253865573341,-0.327571284959,0.0352449361865,-1.04656234574,1.15928270138,0.638461329676
7,0,1.24845829379,-0.324997714507,0.686150086697,3.69425487483,0.0170720075451,0.651678252705,-1.24845829379,0.324997714507
7,1,0.312114573447,0.706741634899,0.0031914287573,-1.67680679093,0.0170720075451,-1.64588867775,-0.312114573447,-0.706741634899
7,2,-1.42680947862,-0.196534538424,0.00163327016668,-2.34773592829,0.0170720075451,0.495423750838,1.42680947862,0.196534538424
7,3,0.0445877962068,-0.363456655667,0.0622063658787,1.29304133574,0.0170720075451,1.46571505548,-0.0445877962068,0.363456655667
7,4,0.980931516549,1.70285845652,0.000485526997365,-3.55947672176,0.0170720075451,-0.534087067861,-0.980931516549,-1.70285845652
7,5,-1.15928270138,-1.52461118282,0.229261313958,2.59672323042,0.0170720075451,-0.432841313411,1.15928270138,1.52461118282
8,0,1.24845829379,0.45167024991,0.00789805083979,1.13125059225,0.0025491691398,-0.062452964879,-1.24845829379,-0.45167024991
8,1,0.312114573447,1.37218137409,5.30189948511e-05,-3.87275793025,0.0025491691398,1.50725956275,-0.312114573447,-1.37218137409
8,2,-1.42680947862,-1.18011806538,0.00626200484438,0.898089710671,0.0025491691398,-0.667021036087,1.42680947862,1.18011806538
8,3,0.0445877962068,0.969584011217,0.000114149951631,-3.10599286498,0.0025491691398,-0.819193728333,-0.0445877962068,-0.969584011217
8,4,0.980931516549,-1.18011806538,0.9821899623,5.95434580052,0.0025491691398,-1.1210961384,-0.980931516549,1.18011806538
8,5,-1.15928270138,-0.433199504448,0.000933643929122,-1.00493530821,0.0025491691398,1.16250430495,1.15928270138,0.433199504448
9,0,1.24845829379,-0.0502331545847,0.483931385641,2.78753182709,0.0297885806394,0.97220016968,-1.24845829379,0.0502331545847
9,1,0.312114573447,-0.266785105321,0.13838134545,1.5358314518,0.0297885806394,-0.531556655019,-0.312114573447,0.266785105321
9,2,-1.42680947862,-0.722317908218,0.0161406573634,-0.612650807977,0.0297885806394,-0.530984192345,1.42680947862,0.722317908218
9,3,0.0445877962068,1.00793949742,0.00117535078121,-3.23256596945,0.0297885806394,-1.4422151803,-0.0445877962068,-1.00793949742
9,4,0.980931516549,1.49693502665,0.00167264669647,-2.8799294032,0.0297885806394,1.55240189658,-0.980931516549,-1.49693502665
9,5,-1.15928270138,-1.46553835595,0.328910033429,2.40178290174,0.0297885806394,-0.0198460385929,1.15928270138,1.46553835595
10,0,1.24845829379,-1.16715151014,0.973919584212,6.47336240042,0.00150447792409,1.81640436591,-1.24845829379,1.16715151014
10,1,0.312114573447,-0.0418090945312,0.00332583624901,0.793410616193,0.00150447792409,-0.0115765606997,-0.312114573447,0.0418090945312
10,2,-1.42680947862,-1.16715151014,0.00354130988221,0.855300078371,0.00150447792409,0.108212571808,1.42680947862,1.16715151014
10,3,0.0445877962068,1.51068669091,1.12971393285e-05,-4.89163170795,0.00150447792409,0.347471155837,-0.0445877962068,-1.51068669091
10,4,0.980931516549,-0.122765390275,0.017692435075,2.46508197266,0.00150447792409,-1.21130761035,-0.980931516549,0.122765390275
10,5,-1.15928270138,0.988190814183,5.05951852573e-06,-5.69552335969,0.00150447792409,-1.04920392251,1.15928270138,-0.988190814183
11,0,1.24845829379,-1.0857323858,0.961525879053,6.20467929009,0.00194398914146,-0.329627173525,-1.24845829379,1.0857323858
11,1,0.312114573447,-0.621345998016,0.0290896616814,2.70588239769,0.00194398914146,-1.74948332785,-0.312114573447,0.621345998016
11,2,-1.42680947862,1.47585770107,7.46106972851e-07,-7.86663031862,0.00194398914146,-0.202285270738,1.42680947862,-1.47585770107
11,3,0.0445877962068,0.33369901239,0.000709733696137,-1.00757236885,0.00194398914146,0.572843092848,-0.0445877962068,-0.33369901239
11,4,0.980931516549,0.983254056152,0.000594067603573,-1.18478220055,0.00194398914146,1.56209317447,-0.980931516549,-0.983254056152
11,5,-1.15928270138,-1.0857323858,0.0061359227179,1.14842320024,0.00194398914146,0.146459504794,1.15928270138,1.0857323858
12,0,1.24845829379,0.168348296585,0.367708426122,2.06621303823,0.0465529937661,-1.36038714087,-1.24845829379,-0.168348296585
12,1,0.312114573447,-0.382120357309,0.316440417088,1.91643778336,0.0465529937661,0.553010866463,-0.312114573447,0.382120357309
12,2,-1.42680947862,-1.12765108978,0.0960807087691,0.72494869119,0.0465529937661,0.712609479235,1.42680947862,1.12765108978
12,3,0.0445877962068,0.892276166371,0.00269050477469,-2.85087697699,0.0465529937661,-1.41117407004,-0.0445877962068,-0.892276166371
12,4,0.980931516549,1.57679807392,0.00200868775071,-3.14347745918,0.0465529937661,1.07729460526,-0.980931516549,-1.57679807392
12,5,-1.15928270138,-1.12765108978,0.168518261729,1.2867549234,0.0465529937661,0.428646259946,1.15928270138,1.12765108978
13,0,1.24845829379,1.45669341714,0.00427611103024,-2.18532585962,0.0380371702314,1.8948343664,-1.24845829379,-1.45669341714
13,1,0.312114573447,0.0109505093931,0.0706546619058,0.619303923242,0.0380371702314,0.115778434961,-0.312114573447,-0.0109505093931
13,2,-1.42680947862,-0.771786836931,0.0242782363451,-0.449403343223,0.0380371702314,-1.32284876517,1.42680947862,0.771786836931
13,3,0.0445877962068,0.342485837467,0.0134904933138,-1.03656889161,0.0380371702314,-0.0260541713742,-0.0445877962068,-0.342485837467
13,4,0.980931516549,0.626667723951,0.0377260360964,-0.00804730428559,0.0380371702314,-0.792731772027,-0.980931516549,-0.626667723951
13,5,-1.15928270138,-1.66501065102,0.811537291077,3.06004147549,0.0380371702314,0.131021907204,1.15928270138,1.66501065102
14,0,1.24845829379,0.938625995308,0.0133590835941,-0.475703367559,0.0214907389779,0.760518122807,-1.24845829379,-0.938625995308
14,1,0.312114573447,1.70011828994,0.000151484387033,-4.95494975255,0.0214907389779,-0.664766375262,-0.312114573447,-1.70011828994
14,2,-1.42680947862,-1.19435564604,0.0552886674646,0.945073726853,0.0214907389779,-1.61103771019,1.42680947862,1.19435564604
14,3,0.0445877962068,-0.248634396062,0.0536111587506,0.914127879039,0.0214907389779,0.729124387091,-0.0445877962068,0.248634396062
14,4,0.980931516549,-0.485270585298,0.836458142295,3.66134911624,0.0214907389779,1.27160453938,-0.980931516549,0.485270585298
14,5,-1.15928270138,-0.710483657839,0.0196407245308,-0.0898976020207,0.0214907389779,-0.485442963818,1.15928270138,0.710483657839
15,0,1.24845829379,1.77691543589,0.00034622516115,-3.24205852147,0.00885751374832,0.803318631374,-1.24845829379,-1.77691543589
15,1,0.312114573447,-1.08002445884,0.602329617006,4.2195213184,0.00885751374832,-0.174178393497,-0.312114573447,1.08002445884
15,2,-1.42680947862,-0.28420083506,0.00113073734651,-2.0584371494,0.00885751374832,0.263327286449,1.42680947862,0.28420083506
15,3,0.0445877962068,-1.0197726893,0.281505578132,3.45888424672,0.00885751374832,0.403153749184,-0.0445877962068,1.0197726893
15,4,0.980931516549,-0.127235721968,0.105761522282,2.47983406725,0.00885751374832,-2.10608866516,-0.980931516549,0.127235721968
15,5,-1.15928270138,0.734318269275,6.88063241448e-05,-4.8577439615,0.00885751374832,0.810467391652,1.15928270138,-0.734318269275
16,0,1.24845829379,2.10419492297,0.000824026588496,-4.32208082884,0.06210417967,0.428877729783,-1.24845829379,-2.10419492297
16,1,0.312114573447,-0.208084687582,0.237661564263,1.34212007326,0.06210417967,1.92657135966,-0.312114573447,0.208084687582
16,2,-1.42680947862,-0.857231286326,0.0525566342105,-0.16743666022,0.06210417967,-1.31791729212,1.42680947862,0.857231286326
16,3,0.0445877962068,-0.237240353217,0.149206014091,0.87652753765,0.06210417967,-0.321090946601,-0.0445877962068,0.237240353217
16,4,0.980931516549,0.0555926904804,0.405482098285,1.87650030617,0.06210417967,-0.420419934516,-0.980931516549,-0.0555926904804
16,5,-1.15928270138,-0.857231286326,0.0921654828921,0.394369571985,0.06210417967,-0.296020916207,1.15928270138,0.857231286326
17,0,1.24845829379,0.326566414936,0.262401686491,1.54409324767,0.0559927279727,-1.040235797,-1.24845829379,-0.326566414936
17,1,0.312114573447,0.419049750646,0.0270564089922,-0.727423572893,0.0559927279727,1.22865901921,-0.312114573447,-0.419049750646
17,2,-1.42680947862,-1.33973444183,0.232664132781,1.42482375293,0.0559927279727,0.121268581409,1.42680947862,1.33973444183
17,3,0.0445877962068,0.607703749578,0.00827675657948,-1.91178800157,0.0559927279727,1.36249839533,-0.0445877962068,-0.607703749578
17,4,0.980931516549,1.32614896849,0.00552517171401,-2.31633541127,0.0559927279727,-1.09980756058,-0.980931516549,-1.32614896849
17,5,-1.15928270138,-1.33973444183,0.408083115469,1.98662998514,0.0559927279727,-0.572382638376,1.15928270138,1.33973444183
18,0,1.24845829379,0.132367854103,0.21239435022,2.18494849842,0.0238816041096,1.22751107548,-1.24845829379,-0.132367854103
18,1,0.312114573447,-0.78104982314,0.605524363656,3.2329050206,0.0238816041096,0.558532233421,-0.312114573447,0.78104982314
18,2,-1.42680947862,-1.44797403231,0.141866080772,1.78201440153,0.0238816041096,-2.01204159404,1.42680947862,1.44797403231
18,3,0.0445877962068,1.53872474386,0.000163484377663,-4.98415728272,0.0238816041096,-0.170187878796,-0.0445877962068,-1.53872474386
18,4,0.980931516549,0.892355246076,0.00986095434613,-0.884816127297,0.0238816041096,0.311011803379,-0.980931516549,-0.892355246076
18,5,-1.15928270138,-0.334423988591,0.00630916251863,-1.33089451054,0.0238816041096,0.0851743605561,1.15928270138,0.334423988591
19,0,1.24845829379,1.65447120768,0.000808360112839,-2.83799256839,0.0138048368151,0.270138189046,-1.24845829379,-1.65447120768
19,1,0.312114573447,-1.07920734491,0.936253260109,4.21682484244,0.0138048368151,-1.75170008182,-0.312114573447,1.07920734491
19,2,-1.42680947862,-1.1029176977,0.0262660276204,0.643328497325,0.0138048368151,1.30909807583,1.42680947862,1.1029176977
19,3,0.0445877962068,0.379634317822,0.00433129071695,-1.15915887678,0.0138048368151,-0.361328295122,-0.0445877962068,-0.379634317822
19,4,0.980931516549,0.676725270946,0.0116109247868,-0.17323720937,0.0138048368151,0.927126797413,-0.980931516549,-0.676725270946
19,5,-1.15928270138,-0.528705753835,0.00692529983869,-0.689764685235,0.0138048368151,-0.393334685347,1.15928270138,0.528705753835
20,0,1.24845829379,1.67200236069,0.00162315073225,-2.89584537333,0.0293580393971,0.491472448507,-1.24845829379,-1.67200236069
20,1,0.312114573447,0.814352706718,0.00384891607455,-2.03192332793,0.0293580393971,0.563751081971,-0.312114573447,-0.814352706718
20,2,-1.42680947862,-1.0445186258,0.0460447735974,0.450611560031,0.0293580393971,-0.561436942197,1.42680947862,1.0445186258
20,3,0.0445877962068,-0.965319036474,0.779594781177,3.2791871924,0.0293580393971,-1.66016763777,-0.0445877962068,0.965319036474
20,4,0.980931516549,0.211654263667,0.114612926431,1.36149711465,0.0293580393971,1.50217070627,-0.980931516549,-0.211654263667
20,5,-1.15928270138,-0.68817166881,0.0249174125907,-0.163527165816,0.0293580393971,-0.335789656776,1.15928270138,0.68817166881
21,0,1.24845829379,0.63608299763,0.0972584518962,0.52268852478,0.0576566052608,-0.164956235532,-1.24845829379,-0.63608299763
21,1,0.312114573447,0.356876527728,0.0342019922335,-0.522251937262,0.0576566052608,-0.415101404215,-0.312114573447,-0.356876527728
21,2,-1.42680947862,-1.38973039828,0.282672505193,1.58981040924,0.0576566052608,-0.448366445232,1.42680947862,1.38973039828
21,3,0.0445877962068,0.962326710484,0.00264445479648,-3.08204377256,0.0576566052608,-0.668145904042,-0.0445877962068,-0.962326710484
21,4,0.980931516549,0.824174560725,0.0298090788059,-0.65981986564,0.0576566052608,2.21097607881,-0.980931516549,-0.824174560725
21,5,-1.15928270138,-1.38973039828,0.495756911814,2.15161664145,0.0576566052608,-0.514406089788,1.15928270138,1.38973039828
22,0,1.24845829379,1.49512652108,0.00550875118758,-2.31215510262,0.0556239345652,-0.78149486322,-1.24845829379,-1.49512652108
22,1,0.312114573447,0.90289160737,0.00544374689314,-2.32410170008,0.0556239345652,0.0756101538257,-0.312114573447,-0.90289160737
22,2,-1.42680947862,-1.02682808571,0.082365697196,0.392232777751,0.0556239345652,0.253287642763,1.42680947862,1.02682808571
22,3,0.0445877962068,-0.658725686799,0.537020258428,2.26742913847,0.0556239345652,1.90281264012,-0.0445877962068,0.658725686799
22,4,0.980931516549,0.420712238959,0.108865367806,0.67160579619,0.0556239345652,-1.29393803612,-0.980931516549,-0.420712238959
22,5,-1.15928270138,-1.1331765949,0.205172243924,1.30498909029,0.0556239345652,-0.156277537367,1.15928270138,1.1331765949
23,0,1.24845829379,0.421045693708,0.208939093936,1.23231162772,0.0609315892986,1.62029740327,-1.24845829379,-0.421045693708
23,1,0.312114573447,1.72750636612,0.000392351155863,-5.04533040397,0.0609315892986,0.168362241748,-0.312114573447,-1.72750636612
23,2,-1.42680947862,-1.3645478276,0.274971956253,1.506707926,0.0609315892986,0.889469101934,1.42680947862,1.3645478276
23,3,0.0445877962068,-0.00338424109672,0.0676637621979,0.104802367653,0.0609315892986,-1.14859505751,-0.0445877962068,0.00338424109672
23,4,0.980931516549,0.189239944747,0.256002487967,1.43546436709,0.0609315892986,-0.582931840491,-0.980931516549,-0.189239944747
23,5,-1.15928270138,-0.969859935878,0.131098759192,0.766044115507,0.0609315892986,-0.946601848944,1.15928270138,0.969859935878
24,0,1.24845829379,1.2267904538,0.000730371493389,-1.42664608058,0.00304207988149,-0.748965628483,-1.24845829379,-1.2267904538
24,1,0.312114573447,-1.53089800014,0.915898830743,5.70740400469,0.00304207988149,1.70020355524,-0.312114573447,1.53089800014
24,2,-1.42680947862,-0.872827273849,0.0027098177233,-0.115969901392,0.00304207988149,-1.51516830593,1.42680947862,0.872827273849
24,3,0.0445877962068,0.974476417779,0.000134041929185,-3.12213780664,0.00304207988149,0.492279569214,-0.0445877962068,-0.974476417779
24,4,0.980931516549,-0.356706413543,0.077442726768,3.23708734944,0.00304207988149,0.0979433140117,-0.980931516549,0.356706413543
24,5,-1.15928270138,0.559164815952,4.21314617084e-05,-4.27973756553,0.00304207988149,-0.0262925040499,1.15928270138,-0.559164815952
25,0,1.24845829379,1.86491239163,0.000225751094457,-3.53244847542,0.00772303352548,0.737654290863,-1.24845829379,-1.86491239163
25,1,0.312114573447,-1.16324468693,0.691124804774,4.4941480711,0.00772303352548,-0.705119966639,-0.312114573447,1.16324468693
25,2,-1.42680947862,0.431362132442,9.29862076948e-05,-4.41979494215,0.00772303352548,-0.270810233249,1.42680947862,-0.431362132442
25,3,0.0445877962068,-0.98575381432,0.219383998022,3.34662195929,0.00772303352548,-1.47046629251,-0.0445877962068,0.98575381432
25,4,0.980931516549,-0.0865721653623,0.0806222594801,2.34564433045,0.00772303352548,1.64909203428,-0.980931516549,0.0865721653623
25,5,-1.15928270138,-0.0607038574616,0.000827166895732,-2.23417094327,0.00772303352548,0.0596501672498,1.15928270138,0.0607038574616
26,0,1.24845829379,1.3267730228,0.00181073241308,-1.75658855829,0.010483799268,-1.13496739163,-1.24845829379,-1.3267730228
26,1,0.312114573447,-1.16214702845,0.934922541768,4.49052579813,0.010483799268,0.783196003779,-0.312114573447,1.16214702845
26,2,-1.42680947862,-1.29696664686,0.0378323480224,1.28369002955,0.010483799268,-1.02740842746,1.42680947862,1.29696664686
26,3,0.0445877962068,-0.0116196968982,0.0119630786641,0.131979371798,0.010483799268,1.45506008285,-0.0445877962068,0.0116196968982
26,4,0.980931516549,1.09757863802,0.0021993195494,-1.56205332072,0.010483799268,0.641326459915,-0.980931516549,-1.09757863802
26,5,-1.15928270138,0.0463817113862,0.000788180314938,-2.58755332046,0.010483799268,-0.717206727457,1.15928270138,-0.0463817113862
27,0,1.24845829379,0.196671523459,0.181790282173,1.97274638954,0.0252704353053,1.89526754753,-1.24845829379,-0.196671523459
27,1,0.312114573447,1.57418670524,0.000269917973198,-4.53937552306,0.0252704353053,-0.00363457455396,-0.312114573447,-1.57418670524
27,2,-1.42680947862,-1.58122788519,0.233000693361,2.22175211605,0.0252704353053,-0.151131531851,1.42680947862,1.58122788519
27,3,0.0445877962068,-0.866087905388,0.483655920254,2.95172445981,0.0252704353053,-1.35045599276,-0.0445877962068,0.866087905388
27,4,0.980931516549,0.293122087357,0.0753878501102,1.09265329647,0.0252704353053,0.297576432812,-0.980931516549,-0.293122087357
27,5,-1.15928270138,0.383335474523,0.000624900822699,-3.69950073882,0.0252704353053,-0.687621881185,1.15928270138,-0.383335474523
28,0,1.24845829379,1.83628409073,0.000954369345746,-3.43797508246,0.029708217073,-1.22009234108,-1.24845829379,-1.83628409073
28,1,0.312114573447,-0.671912289162,0.525380439587,2.87275115848,0.029708217073,0.620496853184,-0.312114573447,0.671912289162
28,2,-1.42680947862,-1.00467111182,0.0408903881709,0.319114763915,0.029708217073,0.288150308891,1.42680947862,1.00467111182
28,3,0.0445877962068,-0.743635927901,0.379573626712,2.54763293411,0.029708217073,1.18908428537,-0.0445877962068,0.743635927901
28,4,0.980931516549,0.763001586228,0.018790319682,-0.457949049798,0.029708217073,-1.49813090866,-0.980931516549,-0.763001586228
28,5,-1.15928270138,-0.179066348075,0.00470263942919,-1.84357472424,0.029708217073,0.620491802301,1.15928270138,0.179066348075
29,0,1.24845829379,2.04172080539,0.000248039104093,-4.11591624083,0.0152070934757,0.975640655333,-1.24845829379,-2.04172080539
29,1,0.312114573447,-0.931489250819,0.633397473787,3.72935513194,0.0152070934757,-1.1493135102,-0.312114573447,0.931489250819
29,2,-1.42680947862,-0.000379413513616,0.000761040275974,-2.9950478405,0.0152070934757,0.883193466194,1.42680947862,0.000379413513615
29,3,0.0445877962068,0.110974618722,0.0115788109811,-0.272581869747,0.0152070934757,0.676599811276,-0.0445877962068,-0.110974618722
29,4,0.980931516549,-0.289337508961,0.309979667931,3.01476996432,0.0152070934757,0.181216875957,-0.980931516549,0.289337508961
29,5,-1.15928270138,-0.931489250819,0.0288278744447,0.639420854814,0.0152070934757,-1.56733729856,1.15928270138,0.931489250819
30,0,1.24845829379,1.42106113661,0.000937542264386,-2.06773933387,0.0074141612342,1.4551620163,-1.24845829379,-1.42106113661
30,1,0.312114573447,-1.26022980078,0.913734947378,4.81419894681,0.0074141612342,1.33822520464,-0.312114573447,1.26022980078
30,2,-1.42680947862,0.307189571294,0.000134487091523,-4.01002549036,0.0074141612342,-0.985041435198,1.42680947862,-0.307189571294
30,3,0.0445877962068,0.516816428659,0.0014792338239,-1.61185984254,0.0074141612342,-0.74697169183,-0.0445877962068,-0.516816428659
30,4,0.980931516549,0.386782433279,0.0162296360435,0.783574154931,0.0074141612342,-0.538623889486,-0.980931516549,-0.386782433279
30,5,-1.15928270138,-1.37161976907,0.0600699921645,2.09185156504,0.0074141612342,-0.52275020442,1.15928270138,1.37161976907
31,0,1.24845829379,-0.404914644642,0.320390477044,3.95798074428,0.00612668815599,0.704383140128,-1.24845829379,0.404914644642
31,1,0.312114573447,1.84488687991,2.67741008086e-05,-5.43268609948,0.00612668815599,0.358187758807,-0.312114573447,-1.84488687991
31,2,-1.42680947862,-1.21388986245,0.0168379571978,1.009536641,0.00612668815599,-0.187243544751,1.42680947862,1.21388986245
31,3,0.0445877962068,0.576049369405,0.00100529795622,-1.807328547,0.00612668815599,-2.1268038953,-0.0445877962068,-0.576049369405
31,4,0.980931516549,-0.791813481964,0.655056607575,4.67294067523,0.00612668815599,0.495173725688,-0.980931516549,0.791813481964
31,5,-1.15928270138,-0.0103182602587,0.000556197970378,-2.40044341404,0.00612668815599,0.756302815427,1.15928270138,0.0103182602587
32,0,1.24845829379,0.864477543705,0.0144342340771,-0.231013477268,0.0181907331233,-1.45875641311,-1.24845829379,-0.864477543705
32,1,0.312114573447,-0.552407865044,0.216850902128,2.47838655889,0.0181907331233,0.747384655077,-0.312114573447,0.552407865044
32,2,-1.42680947862,-1.1355292889,0.0385667549275,0.750946748291,0.0181907331233,1.37115602098,1.42680947862,1.1355292889
32,3,0.0445877962068,-0.528622277484,0.11431832595,1.83808788773,0.0181907331233,-0.051133343865,-0.0445877962068,0.528622277484
32,4,0.980931516549,-0.434047596138,0.597634655254,3.49231325201,0.0181907331233,0.484830571044,-0.980931516549,0.434047596138
32,5,-1.15928270138,1.78612948387,4.39453991223e-06,-8.32872096965,0.0181907331233,-1.09348149012,1.15928270138,-1.78612948387
33,0,1.24845829379,-0.197400679643,0.474630275672,3.27318465978,0.0179860316469,1.26114408766,-1.24845829379,0.197400679643
33,1,0.312114573447,1.32860947704,0.000431947549349,-3.72897067,0.0179860316469,0.866009139402,-0.312114573447,-1.32860947704
33,2,-1.42680947862,-1.6290111533,0.194319895895,2.37943690079,0.0179860316469,-1.26069134801,1.42680947862,1.6290111533
33,3,0.0445877962068,-0.820467439819,0.296118855525,2.80117692344,0.0179860316469,-0.254900598296,-0.0445877962068,0.820467439819
33,4,0.980931516549,0.65330203118,0.01633728418,-0.0959405181407,0.0179860316469,-1.25925407226,-0.980931516549,-0.65330203118
33,5,-1.15928270138,0.664967764537,0.000175709531049,-4.62888729586,0.0179860316469,0.647692791505,1.15928270138,-0.664967764537
34,0,1.24845829379,1.19818606217,0.00255901605334,-1.33225158822,0.00969406793492,-0.337762509823,-1.24845829379,-1.19818606217
34,1,0.312114573447,-0.307129891382,0.0514472688218,1.6689692458,0.00969406793492,-1.01013232796,-0.312114573447,0.307129891382
34,2,-1.42680947862,-1.6659525709,0.118232852947,2.50134357888,0.00969406793492,0.547005067833,1.42680947862,1.6659525709
34,3,0.0445877962068,0.920798471971,0.000509932697769,-2.94500058547,0.00969406793492,1.89277123677,-0.0445877962068,-0.920798471971
34,4,0.980931516549,-0.719522721231,0.817428910638,4.43438116482,0.00969406793492,-0.105685637369,-0.980931516549,0.719522721231
34,5,-1.15928270138,0.573620649369,0.000127950907445,-4.32744181581,0.00969406793492,-0.986195829452,1.15928270138,-0.573620649369
35,0,1.24845829379,1.54250236303,0.00156686704906,-2.46849538103,0.0184916997798,-0.38243641066,-1.24845829379,-1.54250236303
35,1,0.312114573447,0.41435720898,0.00907417373707,-0.711938185396,0.0184916997798,0.978755671186,-0.312114573447,-0.41435720898
35,2,-1.42680947862,-0.457836788115,0.00418615781943,-1.48543850432,0.0184916997798,-1.27503861343,1.42680947862,0.457836788115
35,3,0.0445877962068,-1.14392536874,0.885291003977,3.86858808888,0.0184916997798,-0.0762341125422,-0.0445877962068,1.14392536874
35,4,0.980931516549,0.788827953593,0.010743819521,-0.543176062104,0.0184916997798,1.597982213,-0.980931516549,-0.788827953593
35,5,-1.15928270138,-1.14392536874,0.0706462781164,1.34046004396,0.0184916997798,-0.84302874755,1.15928270138,1.14392536874
36,0,1.24845829379,-1.10612689133,0.977238894105,6.27198115835,0.00184627241581,1.44048147876,-1.24845829379,1.10612689133
36,1,0.312114573447,1.36609321386,3.91788204382e-05,-3.8526670015,0.00184627241581,-0.586260588806,-0.312114573447,-1.36609321386
36,2,-1.42680947862,-1.51174824605,0.0135491713991,1.99246930686,0.00184627241581,0.867754730556,1.42680947862,1.51174824605
36,3,0.0445877962068,0.345564261984,0.000648186453347,-1.04672769251,0.00184627241581,-1.62839422702,-0.0445877962068,-0.345564261984
36,4,0.980931516549,0.235324547936,0.00666060636308,1.28338517656,0.00184627241581,-0.340275672286,-0.980931516549,-0.235324547936
36,5,-1.15928270138,0.670893113597,1.7690443176e-05,-4.64844094776,0.00184627241581,0.246694278796,1.15928270138,-0.670893113597
37,0,1.24845829379,2.10182164513,0.000148696137382,-4.31424901196,0.0111209376643,-1.70242817584,-1.24845829379,-2.10182164513
37,1,0.312114573447,-0.765930890106,0.26819612484,3.18301254159,0.0111209376643,-0.0595561365155,-0.312114573447,0.765930890106
37,2,-1.42680947862,-0.0537715891791,0.000664098926792,-2.8188536608,0.0111209376643,0.130390792585,1.42680947862,0.0537715891791
37,3,0.0445877962068,0.111828048754,0.00844363674494,-0.275398188855,0.0111209376643,0.6200056825,-0.0445877962068,-0.111828048754
37,4,0.980931516549,-0.63081346513,0.699326219112,4.14164061968,0.0111209376643,-0.539463846547,-0.980931516549,0.63081346513
37,5,-1.15928270138,-0.763133749467,0.0121002865749,0.0838477003508,0.0111209376643,1.55105168381,1.15928270138,0.763133749467
38,0,1.24845829379,0.622372764787,0.0398404348196,0.56793229316,0.0225668819145,-1.60253613024,-1.24845829379,-0.622372764787
38,1,0.312114573447,0.462906267068,0.00943508983744,-0.872150077087,0.0225668819145,-1.08409471607,-0.312114573447,-0.462906267068
38,2,-1.42680947862,-0.751533080611,0.0134623412462,-0.51624073908,0.0225668819145,0.770881932113,1.42680947862,0.751533080611
38,3,0.0445877962068,1.14596132538,0.000564654897697,-3.68803800173,0.0225668819145,0.284003629124,-0.0445877962068,-1.14596132538
38,4,0.980931516549,0.361412402836,0.0537386493183,0.867295255395,0.0225668819145,0.462034229177,-0.980931516549,-0.361412402836
38,5,-1.15928270138,-1.84111967946,0.860391947966,3.64120126934,0.0225668819145,1.1697110559,1.15928270138,1.84111967946
39,0,1.24845829379,0.236885788985,0.315913891923,1.84003931331,0.0501774216947,0.591477358019,-1.24845829379,-0.236885788985
39,1,0.312114573447,0.350385848482,0.0304072999192,-0.50083269575,0.0501774216947,0.399970562874,-0.312114573447,-0.350385848482
39,2,-1.42680947862,-1.2516722687,0.156045484839,1.13421858162,0.0501774216947,0.128884919203,1.42680947862,1.2516722687
39,3,0.0445877962068,1.68325217766,0.000213196624588,-5.46109781425,0.0501774216947,0.0854686183715,-0.0445877962068,-1.68325217766
39,4,0.980931516549,0.162163491698,0.23050245129,1.52481666215,0.0501774216947,0.936463311213,-0.980931516549,-0.162163491698
39,5,-1.15928270138,-1.18101503812,0.21674025371,1.46285595292,0.0501774216947,-2.14226476968,1.15928270138,1.18101503812
40,0,1.24845829379,0.644255099415,0.00476990999306,0.495720588889,0.00290487124657,0.206870611791,-1.24845829379,-0.644255099415
40,1,0.312114573447,1.20811375278,0.000103839842624,-3.33133477992,0.00290487124657,0.935436961321,-0.312114573447,-1.20811375278
40,2,-1.42680947862,-1.14089030236,0.00626491284252,0.768638092706,0.00290487124657,-1.22118455796,1.42680947862,1.14089030236
40,3,0.0445877962068,1.06026425289,9.6439111524e-05,-3.40523766252,0.00290487124657,1.14282640787,-0.0445877962068,-1.06026425289
40,4,0.980931516549,-1.14089030236,0.9838186129,5.82489418255,0.00290487124657,0.395070090766,-0.980931516549,1.14089030236
40,5,-1.15928270138,-0.630852500358,0.00204141406385,-0.352680421709,0.00290487124657,-1.45901951379,1.15928270138,0.630852500358
41,0,1.24845829379,2.07053766299,0.000780340670862,-4.21101187091,0.0526548972566,0.0141686122154,-1.24845829379,-2.07053766299
41,1,0.312114573447,0.160936727614,0.0596146136884,0.124349403112,0.0526548972566,0.828494615061,-0.312114573447,-0.160936727614
41,2,-1.42680947862,-0.846474765563,0.0430302322212,-0.202933178736,0.0526548972566,-1.47836240228,1.42680947862,0.846474765563
41,3,0.0445877962068,-0.502639363298,0.303709973309,1.75234427092,0.0526548972566,-0.664723742142,-0.0445877962068,0.502639363298
41,4,0.980931516549,-0.0358854961798,0.464758337485,2.17837832215,0.0526548972566,1.6094906139,-0.980931516549,0.0358854961798
41,5,-1.15928270138,-0.846474765563,0.0754516053686,0.358873053469,0.0526548972566,-0.309067696749,1.15928270138,0.846474765563
42,0,1.24845829379,1.35987107007,0.00645904855505,-1.86581211426,0.0417140091166,0.360710341859,-1.24845829379,-1.35987107007
42,1,0.312114573447,1.06941344727,0.00235681850228,-2.87362377176,0.0417140091166,-1.57557432624,-0.312114573447,-1.06941344727
42,2,-1.42680947862,-1.02783789658,0.0619343255002,0.395565153631,0.0417140091166,-1.15186680513,1.42680947862,1.02783789658
42,3,0.0445877962068,-0.8288371996,0.706022946892,2.82879713071,0.0417140091166,1.07801588175,-0.0445877962068,0.8288371996
42,4,0.980931516549,0.455228475427,0.072885157029,0.557702215843,0.0417140091166,0.828945044111,-0.980931516549,-0.455228475427
42,5,-1.15928270138,-1.02783789658,0.108627694405,0.957371385836,0.0417140091166,0.459769863653,1.15928270138,1.02783789658
43,0,1.24845829379,2.06911586836,0.000612032096886,-4.20631994864,0.041081641614,-1.04678023252,-1.24845829379,-2.06911586836
43,1,0.312114573447,-0.104456589922,0.111680519669,1.00014735098,0.041081641614,-0.469326947495,-0.312114573447,0.104456589922
43,2,-1.42680947862,-0.800578550056,0.0288349489653,-0.354390689911,0.041081641614,-0.884528960254,1.42680947862,0.800578550056
43,3,0.0445877962068,0.0685471306116,0.0359806089342,-0.132571158984,0.041081641614,-0.338622246219,-0.0445877962068,-0.0685471306116
43,4,0.980931516549,-0.227380837049,0.68245440162,2.81031294702,0.041081641614,1.23704224057,-0.980931516549,0.227380837049
43,5,-1.15928270138,-1.00524702195,0.0993558471,0.882821499535,0.041081641614,1.50221614591,1.15928270138,1.00524702195
44,0,1.24845829379,2.08694005062,0.000299832707438,-4.26513975008,0.021341923702,-0.154790031429,-1.24845829379,-2.08694005062
44,1,0.312114573447,-0.870898163543,0.72781595773,3.52940454393,0.021341923702,-1.0754942162,-0.312114573447,0.870898163543
44,2,-1.42680947862,-0.350941811302,0.00339645817099,-1.8381919278,0.021341923702,-0.287730161289,1.42680947862,0.350941811302
44,3,0.0445877962068,0.0507375157091,0.0198235208485,-0.0737994298057,0.021341923702,1.37591578464,-0.0445877962068,-0.0507375157091
44,4,0.980931516549,-0.0449394279382,0.194195802431,2.20825629695,0.021341923702,1.26128528358,-0.980931516549,0.0449394279382
44,5,-1.15928270138,-0.870898163543,0.0331265044104,0.439470266802,0.021341923702,-1.1191866593,1.15928270138,0.870898163543
45,0,1.24845829379,0.595100633906,0.11430010855,0.657930325067,0.0591893727933,0.459471993838,-1.24845829379,-0.595100633906
45,1,0.312114573447,-0.473295253872,0.543527484038,2.21731494202,0.0591893727933,0.786721160054,-0.312114573447,0.473295253872
45,2,-1.42680947862,-0.95672148124,0.0695223100696,0.160880982996,0.0591893727933,-1.09599406671,1.42680947862,0.95672148124
45,3,0.0445877962068,-0.100733324686,0.0906312481143,0.426054343497,0.0591893727933,0.142839098814,-0.0445877962068,0.100733324686
45,4,0.980931516549,1.89237090713,0.000901209286704,-4.18486780878,0.0591893727933,1.25087376722,-0.980931516549,-1.89237090713
45,5,-1.15928270138,-0.95672148124,0.121928267148,0.722687215201,0.0591893727933,-1.54391195322,1.15928270138,0.95672148124
46,0,1.24845829379,1.13763604848,0.0207210752066,-1.13243654302,0.0642843893934,-0.830087780875,-1.24845829379,-1.13763604848
46,1,0.312114573447,0.0322144674623,0.111330407116,0.549132861614,0.0642843893934,0.0401423795078,-0.312114573447,-0.0322144674623
46,2,-1.42680947862,-1.34296219119,0.270069316148,1.43547532584,0.0642843893934,0.575066377704,1.42680947862,1.34296219119
46,3,0.0445877962068,1.11720948185,0.0017685620695,-3.59315691808,0.0642843893934,1.56424993729,-0.0445877962068,-1.11720948185
46,4,0.980931516549,0.304926528023,0.184419845692,1.05369864228,0.0642843893934,-1.57506391309,-0.980931516549,-0.304926528023
46,5,-1.15928270138,-1.24902433462,0.347406404374,1.68728663137,0.0642843893934,0.225692999463,1.15928270138,1.24902433462
47,0,1.24845829379,0.660327479486,0.00914255320613,0.442681734653,0.0058744308788,-1.48967847362,-1.24845829379,-0.660327479486
47,1,0.312114573447,-1.34592226662,0.960535023082,5.09698408409,0.0058744308788,-0.299623508545,-0.312114573447,1.34592226662
47,2,-1.42680947862,0.0114684189403,0.000282821622737,-3.0341456876,0.0058744308788,-0.280364235679,1.42680947862,-0.0114684189403
47,3,0.0445877962068,-0.300117162702,0.0173677474358,1.08402100895,0.0058744308788,1.66767105849,-0.0445877962068,0.300117162702
47,4,0.980931516549,1.74959628149,0.000143217359468,-3.71371154417,0.0058744308788,0.813595686228,-0.980931516549,-1.74959628149
47,5,-1.15928270138,-0.775352750595,0.00665420641521,0.124170404072,0.0058744308788,-0.411600526876,1.15928270138,0.775352750595
48,0,1.24845829379,0.657083733927,0.102414336887,0.453386094999,0.0650834515423,-0.116952375287,-1.24845829379,-0.657083733927
48,1,0.312114573447,1.05041774527,0.00391458864437,-2.81093795515,0.0650834515423,0.367859529928,-0.312114573447,-1.05041774527
48,2,-1.42680947862,-1.53656351525,0.518145316159,2.07435969522,0.0650834515423,1.96269716176,1.42680947862,1.53656351525
48,3,0.0445877962068,-0.0398986507005,0.0815296271841,0.225299919346,0.0650834515423,-0.303238639497,-0.0445877962068,0.0398986507005
48,4,0.980931516549,0.957627091773,0.0216589892651,-1.1002132181,0.0650834515423,-1.15781449582,-0.980931516549,-0.957627091773
48,5,-1.15928270138,-1.08866640502,0.207253690318,1.15810546368,0.0650834515423,-0.752551181083,1.15928270138,1.08866640502
49,0,1.24845829379,1.76702974947,0.00201454943671,-3.20943575628,0.0498918373916,-0.525157553492,-1.24845829379,-1.76702974947
49,1,0.312114573447,-0.563428548615,0.616828677748,2.51475481467,0.0498918373916,1.37300142956,-0.312114573447,0.563428548615
49,2,-1.42680947862,-1.11905614716,0.100149128557,0.696585380537,0.0498918373916,-1.40436356623,1.42680947862,1.11905614716
49,3,0.0445877962068,-0.354364501681,0.176424154368,1.26303722758,0.0498918373916,0.382277500744,-0.0445877962068,0.354364501681
49,4,0.980931516549,0.891841691646,0.0206290977527,-0.883121397678,0.0498918373916,1.01057205021,-0.980931516549,-0.891841691646
49,5,-1.15928270138,-0.622022243654,0.0340625547467,-0.381820268832,0.0498918373916,-0.836329860791,1.15928270138,0.622022243654
50,0,1.24845829379,0.0268632949613,0.324565889184,2.53311354359,0.0257547112434,1.956302446,-1.24845829379,-0.0268632949613
50,1,0.312114573447,0.423665848935,0.0122574798656,-0.742656697247,0.0257547112434,-0.881479104167,-0.312114573447,-0.423665848935
50,2,-1.42680947862,-0.956330012967,0.0301903513905,0.159589137695,0.0257547112434,-0.694219702943,1.42680947862,0.956330012967
50,3,0.0445877962068,1.89772443742,5.39221360181e-05,-6.16885627146,0.0257547112434,0.395638406296,-0.0445877962068,-1.89772443742
50,4,0.980931516549,-0.286611770332,0.520596499523,3.00577502685,0.0257547112434,-0.865681870985,-0.980931516549,0.286611770332
50,5,-1.15928270138,-1.10531179802,0.0865811466584,1.21303526058,0.0257547112434,0.0894398257959,1.15928270138,1.10531179802
51,0,1.24845829379,0.897737273182,0.0234575364103,-0.340770584543,0.0329791158234,0.702814990315,-1.24845829379,-0.897737273182
51,1,0.312114573447,-0.189125445116,0.118562070769,1.27955457312,0.0329791158234,1.70779582359,-0.312114573447,0.189125445116
51,2,-1.42680947862,-0.925374535698,0.0349318331867,0.0574360627091,0.0329791158234,-0.132570904366,1.42680947862,0.925374535698
51,3,0.0445877962068,-0.925374535698,0.767582017084,3.14737033984,0.0329791158234,-1.42758456526,-0.0445877962068,0.925374535698
51,4,0.980931516549,1.75289444437,0.000795595120549,-3.72459548166,0.0329791158234,-0.718719266877,-0.980931516549,-1.75289444437
51,5,-1.15928270138,-0.610757201037,0.0216918316064,-0.418994909469,0.0329791158234,-0.131736077405,1.15928270138,0.610757201037
52,0,1.24845829379,-0.248685649875,0.145460213772,3.44242506155,0.00465310046935,-1.34304798344,-1.24845829379,0.248685649875
52,1,0.312114573447,-1.24132505116,0.538785726424,4.75181327306,0.00465310046935,-0.0886718699591,-0.312114573447,1.24132505116
52,2,-1.42680947862,1.40632512842,2.24426233147e-06,-7.63717282889,0.00465310046935,1.59827932614,1.42680947862,-1.40632512842
52,3,0.0445877962068,-1.24132505116,0.307211377624,4.19000704085,0.00465310046935,0.316030633672,-0.0445877962068,1.24132505116
52,4,0.980931516549,0.682539519031,0.00383838562929,-0.192424228051,0.00465310046935,-1.0831800342,-0.980931516549,-0.682539519031
52,5,-1.15928270138,0.642471104735,4.89518199655e-05,-4.55464831851,0.00465310046935,0.600589927788,1.15928270138,-0.642471104735
53,0,1.24845829379,2.03949476072,5.54136894132e-05,-4.10857029341,0.00337156974414,-0.125068818491,-1.24845829379,-2.03949476072
53,1,0.312114573447,-0.71497308581,0.0687365793282,3.01485178741,0.00337156974414,-0.192621108296,-0.312114573447,0.71497308581
53,2,-1.42680947862,-0.0748523250992,0.000215666965726,-2.74928723227,0.00337156974414,1.61192286403,1.42680947862,0.0748523250992
53,3,0.0445877962068,0.186544925734,0.00200054828587,-0.521963882889,0.00337156974414,-0.191577894624,-0.0445877962068,-0.186544925734
53,4,0.980931516549,-1.07693648791,0.924653267857,5.61384659487,0.00337156974414,-1.71415455455,-0.980931516549,1.07693648791
53,5,-1.15928270138,-0.359277787629,0.000966954129658,-1.24887697371,0.00337156974414,0.611499511932,1.15928270138,0.359277787629
54,0,1.24845829379,0.787522373241,0.0652928413089,0.0229385852624,0.0638058103744,-0.318606536633,-1.24845829379,-0.787522373241
54,1,0.312114573447,1.26842260334,0.00186918028176,-3.53035398678,0.0638058103744,1.38257324523,-0.312114573447,-1.26842260334
54,2,-1.42680947862,-1.33195673941,0.258549214989,1.39915733496,0.0638058103744,0.484693743551,1.42680947862,1.33195673941
54,3,0.0445877962068,0.166357491738,0.0404675199189,-0.455345350703,0.0638058103744,-0.824337872671,-0.0445877962068,-0.166357491738
54,4,0.980931516549,0.441611010502,0.116576615889,0.602639850096,0.0638058103744,0.823207543881,-0.980931516549,-0.441611010502
54,5,-1.15928270138,-1.33195673941,0.453438817238,1.96096356717,0.0638058103744,-1.54753012336,1.15928270138,1.33195673941
55,0,1.24845829379,1.80029923082,0.00148961010271,-3.31922504475,0.0411678029046,0.841138626311,-1.24845829379,-1.80029923082
55,1,0.312114573447,0.162119057593,0.0464376550453,0.120447714182,0.0411678029046,-1.03394854248,-0.312114573447,-0.162119057593
55,2,-1.42680947862,-0.917188313866,0.0424433189282,0.0304215306615,0.0411678029046,0.431225785856,1.42680947862,0.917188313866
55,3,0.0445877962068,-0.860379082606,0.773203408642,2.93288534464,0.0411678029046,-1.51868020609,-0.0445877962068,0.860379082606
55,4,0.980931516549,0.660591351874,0.0365146512329,-0.119995276432,0.0411678029046,1.31524422947,-0.980931516549,-0.660591351874
55,5,-1.15928270138,-0.845442243815,0.0587435531446,0.355465731699,0.0411678029046,-0.0349798930637,1.15928270138,0.845442243815
56,0,1.24845829379,-0.54993333777,0.91489951045,4.4365424316,0.01084257989,0.4890439796,-1.24845829379,0.54993333777
56,1,0.312114573447,1.83401430938,4.91124657341e-05,-5.39680661671,0.01084257989,0.907031697171,-0.312114573447,-1.83401430938
56,2,-1.42680947862,-1.03725700873,0.0166381752447,0.426648223724,0.01084257989,0.671638211161,1.42680947862,1.03725700873
56,3,0.0445877962068,0.424094206446,0.0029374992303,-1.30587650924,0.01084257989,-2.08897829579,-0.0445877962068,-0.424094206446
56,4,0.980931516549,0.317664657037,0.0297902378014,1.01166281653,0.01084257989,0.258599128976,-0.980931516549,-0.317664657037
56,5,-1.15928270138,-0.988582826358,0.0248428849181,0.827829654093,0.01084257989,-0.237334721114,1.15928270138,0.988582826358
57,0,1.24845829379,0.357308722698,0.0975100675108,1.44264363205,0.0230229590305,-0.655161333938,-1.24845829379,-0.357308722698
57,1,0.312114573447,0.358270324704,0.0135967416215,-0.526851467284,0.0230229590305,-1.29571022429,-0.312114573447,-0.358270324704
57,2,-1.42680947862,-1.58022958307,0.211497324511,2.21845771904,0.0230229590305,1.68161334244,1.42680947862,1.58022958307
57,3,0.0445877962068,-0.95632665255,0.59349615684,3.24951232545,0.0230229590305,0.787356458078,-0.0445877962068,0.95632665255
57,4,0.980931516549,0.329839091601,0.0608620426192,0.97148718247,0.0230229590305,-0.652706409467,-0.980931516549,-0.329839091601
57,5,-1.15928270138,1.49113809662,1.47078670264e-05,-7.35524939173,0.0230229590305,0.134608167185,1.15928270138,-1.49113809662
58,0,1.24845829379,0.290689193171,0.0509252799024,1.66248807949,0.00965998593069,0.51259490352,-1.24845829379,-0.290689193171
58,1,0.312114573447,-0.376117258665,0.0643653502092,1.89662755784,0.00965998593069,1.5998885703,-0.312114573447,0.376117258665
58,2,-1.42680947862,-1.56945519366,0.0857311892971,2.18290223399,0.00965998593069,-1.53431543822,1.42680947862,1.56945519366
58,3,0.0445877962068,1.11016127522,0.000272011060811,-3.56989783619,0.00965998593069,0.337536001295,-0.0445877962068,-1.11016127522
58,4,0.980931516549,-0.709989993907,0.78903270705,4.40292316464,0.00965998593069,-0.0768719206638,-0.980931516549,0.709989993907
58,5,-1.15928270138,1.25471197784,1.34765500585e-05,-6.57504319978,0.00965998593069,-0.838832116229,1.15928270138,-1.25471197784
59,0,1.24845829379,-1.19337099165,0.991403710597,6.55988668941,0.00140324234235,0.578634586117,-1.24845829379,1.19337099165
59,1,0.312114573447,0.939208779744,0.00012183776786,-2.44394836891,0.00140324234235,0.316504613566,-0.312114573447,-0.939208779744
59,2,-1.42680947862,-1.35734187742,0.00618043525695,1.4829282904,0.00140324234235,1.70595844021,1.42680947862,1.35734187742
59,3,0.0445877962068,0.267805384475,0.000636784188482,-0.790123396733,0.00140324234235,-0.412707655223,-0.0445877962068,-0.267805384475
59,4,0.980931516549,1.33400218353,0.000134912993848,-2.34225102088,0.00140324234235,-0.882228397724,-0.980931516549,-1.33400218353
59,5,-1.15928270138,0.00969652133095,0.00011907685302,-2.46649219328,0.00140324234235,-1.30616158694,1.15928270138,-0.00969652133095
60,0,1.24845829379,1.51069510204,0.000967449489952,-2.36353141979,0.0102904739867,-0.254634931789,-1.24845829379,-1.51069510204
60,1,0.312114573447,0.700878609594,0.00196118933808,-1.65745880742,0.0102904739867,-0.585971834378,-0.312114573447,-0.700878609594
60,2,-1.42680947862,-1.0601942959,0.0170241344176,0.50234127139,0.0102904739867,-0.661182552928,1.42680947862,1.0601942959
60,3,0.0445877962068,0.652400359139,0.00131245760698,-2.05928681313,0.0102904739867,-1.12333347109,-0.0445877962068,-0.652400359139
60,4,0.980931516549,-0.743585478968,0.938593172137,4.51378826535,0.0102904739867,1.78538418086,-0.980931516549,0.743585478968
60,5,-1.15928270138,-1.0601942959,0.0298511230236,1.06414750359,0.0102904739867,0.839738609331,1.15928270138,1.0601942959
61,0,1.24845829379,-0.037423297644,0.36754256415,2.74525929918,0.0235955034096,-1.41887154524,-1.24845829379,0.037423297644
61,1,0.312114573447,0.0474400017852,0.0388637332226,0.498888598348,0.0235955034096,-0.295253493126,-0.312114573447,-0.0474400017852
61,2,-1.42680947862,-0.383859979592,0.00418321793233,-1.72956197244,0.0235955034096,-0.0197076032376,1.42680947862,0.383859979592
61,3,0.0445877962068,0.391566178225,0.0071173697807,-1.19853401611,0.0235955034096,1.0339439799,-0.0445877962068,-0.391566178225
61,4,0.980931516549,1.67866919078,0.000727459283049,-3.47965214483,0.0235955034096,-0.786998565763,-0.980931516549,-1.67866919078
61,5,-1.15928270138,-1.69639209356,0.557970152222,3.16360023585,0.0235955034096,1.48688722746,1.15928270138,1.69639209356
62,0,1.24845829379,1.75068108172,0.000190449111179,-3.15548515272,0.00446973962014,1.33726648742,-1.24845829379,-1.75068108172
62,1,0.312114573447,0.690921557927,0.000880435732875,-1.62460053692,0.00446973962014,0.204063453203,-0.312114573447,-0.690921557927
62,2,-1.42680947862,0.206012310021,0.000113224846941,-3.67614052816,0.00446973962014,-0.470947759903,1.42680947862,-0.206012310021
62,3,0.0445877962068,-0.653510751343,0.0424165968847,2.25021985147,0.00446973962014,1.17579312132,-0.0445877962068,0.653510751343
62,4,0.980931516549,-0.997052099163,0.94140781606,5.35022811199,0.00446973962014,-1.26996080761,-0.980931516549,0.997052099163
62,5,-1.15928270138,-0.997052099163,0.0105217377446,0.855778254349,0.00446973962014,-0.976214494423,1.15928270138,0.997052099163
63,0,1.24845829379,0.474717505212,0.102420518333,1.05519464976,0.0356553395728,1.17056470663,-1.24845829379,-0.474717505212
63,1,0.312114573447,1.75244223037,0.000211456402741,-5.12761875597,0.0356553395728,0.979261294449,-0.312114573447,-1.75244223037
63,2,-1.42680947862,-1.20326724789,0.0944984726208,0.974482012949,0.0356553395728,0.36808342695,1.42680947862,1.20326724789
63,3,0.0445877962068,0.285118851691,0.0152814258442,-0.847257838546,0.0356553395728,0.134019705497,-0.0445877962068,-0.285118851691
63,4,0.980931516549,-0.255952444433,0.65098045215,2.90459925138,0.0356553395728,-1.30343869819,-0.980931516549,0.255952444433
63,5,-1.15928270138,-1.05305889494,0.100952335076,1.04060068043,0.0356553395728,-1.34849043534,1.15928270138,1.05305889494
64,0,1.24845829379,0.835090730987,0.0254321014305,-0.134036995298,0.0290664362254,-0.113334008672,-1.24845829379,-0.835090730987
64,1,0.312114573447,-0.490996595198,0.282991128275,2.27572936839,0.0290664362254,-1.55332648364,-0.312114573447,0.490996595198
64,2,-1.42680947862,-1.78782550863,0.529939228853,2.90352427338,0.0290664362254,0.896907593245,1.42680947862,1.78782550863
64,3,0.0445877962068,-0.391417449592,0.11615320715,1.38531195569,0.0290664362254,-1.04292596347,-0.0445877962068,0.391417449592
64,4,0.980931516549,0.79897309347,0.0163345379821,-0.576655023698,0.0290664362254,0.766175041605,-0.980931516549,-0.79897309347
64,5,-1.15928270138,1.03617572896,8.33600841671e-05,-5.85387357846,0.0290664362254,1.04650382093,1.15928270138,-1.03617572896
65,0,1.24845829379,0.484003492285,0.0422973520693,1.02455089242,0.0151708002092,-1.04184503186,-1.24845829379,-0.484003492285
65,1,0.312114573447,0.688897407167,0.00300909158681,-1.61792083941,0.0151708002092,-1.08750799395,-0.312114573447,-0.688897407167
65,2,-1.42680947862,-2.15150024767,0.918082418779,4.1036509122,0.0151708002092,-0.607716215865,1.42680947862,2.15150024767
65,3,0.0445877962068,0.526448614328,0.00293219876574,-1.64364605525,0.0151708002092,0.182259991146,-0.0445877962068,-0.526448614328
65,4,0.980931516549,0.602133460557,0.0163283909938,0.0729157649142,0.0151708002092,1.09599013305,-0.980931516549,-0.602133460557
65,5,-1.15928270138,-0.149982726672,0.00217974759642,-1.93955067487,0.0151708002092,1.45881911748,1.15928270138,0.149982726672
66,0,1.24845829379,0.612634288306,0.0240415148644,0.600069265548,0.0131922561174,-1.00340012208,-1.24845829379,-0.612634288306
66,1,0.312114573447,-1.06881567859,0.864515541925,4.18253234359,0.0131922561174,1.98982653689,-0.312114573447,1.06881567859
66,2,-1.42680947862,-1.46703683559,0.0834824803876,1.84492165234,0.0131922561174,-0.529532706737,1.42680947862,1.46703683559
66,3,0.0445877962068,0.0176939539472,0.0136655047072,0.0352443240085,0.0131922561174,0.491643735415,-0.0445877962068,-0.0176939539472
66,4,0.980931516549,1.45985716925,0.000837034706964,-2.75757247377,0.0131922561174,-0.298486957625,-0.980931516549,-1.45985716925
66,5,-1.15928270138,0.445667102675,0.000265667291401,-3.90519511172,0.0131922561174,-0.650050485853,1.15928270138,-0.445667102675
67,0,1.24845829379,-0.699450212284,0.860022796304,4.92994811749,0.0062162560656,0.528142709386,-1.24845829379,0.699450212284
67,1,0.312114573447,-0.406712698157,0.0458193214929,1.99759250816,0.0062162560656,-0.157110556355,-0.312114573447,0.406712698157
67,2,-1.42680947862,0.568562861669,4.75957618415e-05,-4.8725573486,0.0062162560656,-1.51636968663,1.42680947862,-0.568562861669
67,3,0.0445877962068,1.6188708229,3.26640584675e-05,-5.24863934353,0.0062162560656,-1.01055088755,-0.0445877962068,-1.6188708229
67,4,0.980931516549,0.412458120757,0.0125018318077,0.698844386256,0.0062162560656,0.916910073626,-0.980931516549,-0.412458120757
67,5,-1.15928270138,-1.49372889488,0.0753595345099,2.49481168023,0.0062162560656,1.23897834752,1.15928270138,1.49372889488
68,0,1.24845829379,0.502658175831,0.0517319554759,0.962990436716,0.0197557262084,0.895928512772,-1.24845829379,-0.502658175831
68,1,0.312114573447,-0.929309029934,0.81688608864,3.72216040302,0.0197557262084,1.30089281465,-0.312114573447,0.929309029934
68,2,-1.42680947862,-0.310794095,0.00275485240745,-1.9706793916,0.0197557262084,-0.667128842238,1.42680947862,0.310794095
68,3,0.0445877962068,0.132259374338,0.0140217030846,-0.342821563282,0.0197557262084,0.327304536434,-0.0445877962068,-0.132259374338
68,4,0.980931516549,1.81694234802,0.000385657858978,-3.93595356372,0.0197557262084,-0.144731369402,-0.980931516549,-1.81694234802
68,5,-1.15928270138,-1.21175677326,0.0944640163243,1.56430367886,0.0197557262084,-1.71226565222,1.15928270138,1.21175677326
69,0,1.24845829379,0.747850952905,0.018544996762,0.153854272372,0.0158987995659,0.661963406625,-1.24845829379,-0.747850952905
69,1,0.312114573447,-0.928668334185,0.656091447694,3.72004610705,0.0158987995659,-0.294786222518,-0.312114573447,0.928668334185
69,2,-1.42680947862,1.42207561971,7.27853475008e-06,-7.68914945012,0.0158987995659,1.1430900638,1.42680947862,-1.42207561971
69,3,0.0445877962068,0.0253629710363,0.0160575806867,0.00993656761445,0.0158987995659,-1.94229088299,-0.0445877962068,-0.0253629710363
69,4,0.980931516549,0.302955138723,0.045902269784,1.06020422697,0.0158987995659,0.604878473731,-0.980931516549,-0.302955138723
69,5,-1.15928270138,-1.56957634818,0.247497626973,2.74510827612,0.0158987995659,-0.172854838648,1.15928270138,1.56957634818
70,0,1.24845829379,0.283910954341,0.224639819103,1.68485626763,0.0416564789447,-1.41282853327,-1.24845829379,-0.283910954341
70,1,0.312114573447,0.524957134337,0.0141904662539,-1.07691793907,0.0416564789447,0.392817740238,-0.312114573447,-0.524957134337
70,2,-1.42680947862,-1.64075548591,0.46760932119,2.41819319842,0.0416564789447,0.923295544424,1.42680947862,1.64075548591
70,3,0.0445877962068,-0.503620659857,0.241059390484,1.75558254956,0.0416564789447,-1.23268681571,-0.0445877962068,0.503620659857
70,4,0.980931516549,1.61809906017,0.00156802720476,-3.27977071379,0.0416564789447,1.20966129963,-0.980931516549,-1.61809906017
70,5,-1.15928270138,-0.282591003073,0.00927649681904,-1.50194336275,0.0416564789447,0.119740764688,1.15928270138,0.282591003073
71,0,1.24845829379,-0.468175873966,0.793841050585,4.16674280104,0.0123130840723,1.22576555258,-1.24845829379,0.468175873966
71,1,0.312114573447,0.564682691287,0.0036785029988,-1.20801227701,0.0123130840723,-0.426026237865,-0.312114573447,-0.564682691287
71,2,-1.42680947862,-1.69262079998,0.164151205547,2.58934873483,0.0123130840723,0.202876731016,1.42680947862,1.69262079998
71,3,0.0445877962068,-0.185444064559,0.0249342173712,0.705599785079,0.0123130840723,0.656206745897,-0.0445877962068,0.185444064559
71,4,0.980931516549,1.58921141039,0.000509563121596,-3.18444146953,0.0123130840723,-1.94035416355,-0.980931516549,-1.58921141039
71,5,-1.15928270138,0.192346636826,0.000572376303758,-3.06923757442,0.0123130840723,0.281531371924,1.15928270138,-0.192346636826
72,0,1.24845829379,-0.1349539958,0.539751060727,3.0671106031,0.0251394534299,-1.27932177278,-1.24845829379,0.1349539958
72,1,0.312114573447,-0.579656056495,0.327870669894,2.56830559067,0.0251394534299,1.12914177135,-0.312114573447,0.579656056495
72,2,-1.42680947862,-0.706492670877,0.0129391627454,-0.664874091203,0.0251394534299,-1.08093861211,1.42680947862,0.706492670877
72,3,0.0445877962068,-0.340032012797,0.0847885110075,1.21574001426,0.0251394534299,-0.321744589593,-0.0445877962068,0.340032012797
72,4,0.980931516549,2.19970246955,0.000138763656621,-5.19906196475,0.0251394534299,0.223831052346,-0.980931516549,-2.19970246955
72,5,-1.15928270138,-0.438567733577,0.00937237854034,-0.987220152086,0.0251394534299,1.32903215079,1.15928270138,0.438567733577
73,0,1.24845829379,0.487175104342,0.0973207129831,1.01408457263,0.035293293657,0.856231282935,-1.24845829379,-0.487175104342
73,1,0.312114573447,-0.60022580603,0.492711162408,2.63618576414,0.035293293657,-0.200443276733,-0.312114573447,0.60022580603
73,2,-1.42680947862,-1.60496481781,0.352022233118,2.30008399367,0.035293293657,0.567619780703,1.42680947862,1.60496481781
73,3,0.0445877962068,0.942270786285,0.00172951237644,-3.0158592227,0.035293293657,0.312074638618,-0.0445877962068,-0.942270786285
73,4,0.980931516549,1.29277931012,0.00388704329073,-2.20621553865,0.035293293657,-2.11463663333,-0.980931516549,-1.29277931012
73,5,-1.15928270138,-0.517034576909,0.0170360421669,-0.72827956909,0.035293293657,0.579154207803,1.15928270138,0.517034576909
74,0,1.24845829379,0.875913354195,0.0220290566026,-0.268751651885,0.0288183030185,-0.685452978331,-1.24845829379,-0.875913354195
74,1,0.312114573447,-0.818800781868,0.827580185098,3.3574831844,0.0288183030185,-0.295913018432,-0.312114573447,0.818800781868
74,2,-1.42680947862,-0.818800781868,0.0214733881712,-0.294257324931,0.0288183030185,0.197326174722,1.42680947862,0.818800781868
74,3,0.0445877962068,-0.202856432903,0.0618104521048,0.763060600613,0.0288183030185,1.77764571264,-0.0445877962068,0.202856432903
74,4,0.980931516549,1.78334542431,0.000628760933622,-3.82508371547,0.0288183030185,-1.43221768439,-0.980931516549,-1.78334542431
74,5,-1.15928270138,-0.818800781868,0.0376598540709,0.267548907274,0.0288183030185,0.438611793786,1.15928270138,0.818800781868
75,0,1.24845829379,0.0683365672811,0.145139576901,2.39625174493,0.0132150263602,0.690661169838,-1.24845829379,-0.0683365672811
75,1,0.312114573447,-1.02599984135,0.751899550565,4.04124008071,0.0132150263602,0.983990746718,-0.312114573447,1.02599984135
75,2,-1.42680947862,-1.20867492649,0.0356506020824,0.992327352306,0.0132150263602,-0.488881269323,1.42680947862,1.20867492649
75,3,0.0445877962068,-0.393476579895,0.0531682920652,1.39210708569,0.0132150263602,-1.68044374945,-0.0445877962068,0.393476579895
75,4,0.980931516549,1.43898235237,0.00089827998856,-2.68868557807,0.0132150263602,-0.580160436574,-0.980931516549,-1.43898235237
75,5,-1.15928270138,1.12083242808,2.86720375565e-05,-6.13324068556,0.0132150263602,1.07483353879,1.15928270138,-1.12083242808
76,0,1.24845829379,0.815999897484,0.0323322608589,-0.0710372447396,0.0347109911421,0.390089158787,-1.24845829379,-0.815999897484
76,1,0.312114573447,-0.648826079443,0.568852738254,2.7965666664,0.0347109911421,-2.1645079188,-0.312114573447,0.648826079443
76,2,-1.42680947862,-1.4243539433,0.190803080901,1.70406810778,0.0347109911421,0.800667333331,1.42680947862,1.4243539433
76,3,0.0445877962068,1.60817809459,0.000188945305134,-5.2133533401,0.0347109911421,0.442934132409,-0.0445877962068,-1.60817809459
76,4,0.980931516549,0.168411002843,0.156222453935,1.50419987537,0.0347109911421,0.569212525802,-0.980931516549,-0.168411002843
76,5,-1.15928270138,-0.519408972173,0.0168895296044,-0.720444064718,0.0347109911421,-0.0383952315312,1.15928270138,0.519408972173
77,0,1.24845829379,0.599509328804,0.0570597484213,0.643381631904,0.0299721321722,-0.0133464958481,-1.24845829379,-0.599509328804
77,1,0.312114573447,1.46566153584,0.000458004511751,-4.18124246402,0.0299721321722,0.551542179484,-0.312114573447,-1.46566153584
77,2,-1.42680947862,-0.96593999941,0.0362790726968,0.191302092957,0.0299721321722,1.40261859641,1.42680947862,0.96593999941
77,3,0.0445877962068,-0.96593999941,0.797528718236,3.28123637009,0.0299721321722,-0.305866695027,-0.0445877962068,0.96593999941
77,4,0.980931516549,0.832649133588,0.0150717539232,-0.687785956089,0.0299721321722,-1.88943529608,-0.980931516549,-0.832649133588
77,5,-1.15928270138,-0.96593999941,0.0636305700387,0.753108325163,0.0299721321722,0.254487711061,1.15928270138,0.96593999941
78,0,1.24845829379,0.561424685991,0.0681310646483,0.769060953186,0.0315624916484,0.169476689497,-1.24845829379,-0.561424685991
78,1,0.312114573447,-0.082462382234,0.079807874997,0.927566465612,0.0315624916484,0.75834001944,-0.312114573447,0.082462382234
78,2,-1.42680947862,-1.78733923542,0.574567320534,2.9019195718,0.0315624916484,-1.9293281097,1.42680947862,1.78733923542
78,3,0.0445877962068,-0.589712828086,0.242661600596,2.03968670472,0.0315624916484,0.746472945885,-0.0445877962068,0.589712828086
78,4,0.980931516549,1.35787684251,0.00280452903748,-2.42103739553,0.0315624916484,-0.608737163385,-0.980931516549,-1.35787684251
78,5,-1.15928270138,0.540212917243,0.000465118538838,-4.21719629979,0.0315624916484,0.863775618267,1.15928270138,-0.540212917243
79,0,1.24845829379,1.55339398704,0.00409630525684,-2.50443774027,0.0501147961347,1.46003133255,-1.24845829379,-1.55339398704
79,1,0.312114573447,-0.591328838877,0.679378995812,2.60682577253,0.0501147961347,-1.32002432298,-0.312114573447,0.591328838877
79,2,-1.42680947862,-1.00334480204,0.068649179392,0.314737941629,0.0501147961347,0.812611341114,1.42680947862,1.00334480204
79,3,0.0445877962068,-0.0600431681924,0.0670942147205,0.291776827069,0.0501147961347,0.528717597495,-0.0445877962068,0.0600431681924
79,4,0.980931516549,1.10466762411,0.0102678607715,-1.5854469748,0.0501147961347,-0.951365279975,-0.980931516549,-1.10466762411
79,5,-1.15928270138,-1.00334480204,0.120398647912,0.876544173834,0.0501147961347,-0.52997066821,1.15928270138,1.00334480204
80,0,1.24845829379,0.0979058767266,0.142760684423,2.29867302376,0.014334758508,-0.881054190937,-1.24845829379,-0.0979058767266
80,1,0.312114573447,-0.260122624184,0.0651355548522,1.51384526405,0.014334758508,-1.73143498898,-0.312114573447,0.260122624184
80,2,-1.42680947862,-0.893419281224,0.0136682497739,-0.0480162770553,0.014334758508,0.85019040676,1.42680947862,0.893419281224
80,3,0.0445877962068,-0.534462311722,0.0918390711116,1.85736000072,0.014334758508,1.04476923769,-0.0445877962068,0.534462311722
80,4,0.980931516549,-0.541868239158,0.672260575306,3.84812137397,0.014334758508,0.0811989316892,-0.980931516549,0.541868239158
80,5,-1.15928270138,2.13196657956,1.10602526387e-06,-9.46998338544,0.014334758508,0.636330603776,1.15928270138,-2.13196657956
81,0,1.24845829379,-0.816157886633,0.970360863568,5.31508344285,0.0047718415766,1.59730232791,-1.24845829379,0.816157886633
81,1,0.312114573447,1.62831814058,4.26243504959e-05,-4.71800925966,0.0047718415766,0.895509358539,-0.312114573447,-1.62831814058
81,2,-1.42680947862,-0.816157886633,0.00352586981184,-0.302978879207,0.0047718415766,-0.905057391956,1.42680947862,0.816157886633
81,3,0.0445877962068,-0.301930459181,0.0141927182523,1.09000488733,0.0047718415766,0.237115874329,-0.0445877962068,0.301930459181
81,4,0.980931516549,1.1220859785,0.000922816010208,-1.6429275443,0.0047718415766,-1.14293440643,-0.980931516549,-1.1220859785
81,5,-1.15928270138,-0.816157886633,0.0061832664301,0.258827352998,0.0047718415766,-0.681935762387,1.15928270138,0.816157886633
82,0,1.24845829379,0.087045072283,0.379561114123,2.33451367842,0.036756410633,-0.819469977492,-1.24845829379,-0.087045072283
82,1,0.312114573447,-0.0272472609758,0.077455373898,0.74535656546,0.036756410633,-0.829801557233,-0.312114573447,0.0272472609758
82,2,-1.42680947862,-0.701222649178,0.0185788090078,-0.682265162808,0.036756410633,-1.23973370454,1.42680947862,0.701222649178
82,3,0.0445877962068,-0.731603940993,0.451350458622,2.50792737731,0.036756410633,1.41309707806,-0.0445877962068,0.731603940993
82,4,0.980931516549,2.10463271986,0.000277791759726,-4.88533179077,0.036756410633,0.645859370514,-0.980931516549,-2.10463271986
82,5,-1.15928270138,-0.731603940993,0.0360200419565,-0.0202006676139,0.036756410633,0.830048790687,1.15928270138,0.731603940993
83,0,1.24845829379,-0.0343178884474,0.350312312236,2.73501144883,0.0227059770344,0.23189617179,-1.24845829379,0.0343178884474
83,1,0.312114573447,-0.363863976934,0.145343726334,1.85619172812,0.0227059770344,0.617377683216,-0.312114573447,0.363863976934
83,2,-1.42680947862,-0.245180960037,0.00254534021539,-2.18720273697,0.0227059770344,-1.96867030874,1.42680947862,0.245180960037
83,3,0.0445877962068,1.62500699541,0.000116925195597,-5.26888871282,0.0227059770344,-0.111658084856,-0.0445877962068,-1.62500699541
83,4,0.980931516549,0.667593041864,0.0196965885408,-0.143100853399,0.0227059770344,1.29346200467,-0.980931516549,-0.667593041864
83,5,-1.15928270138,-1.64923721186,0.459279130444,3.00798912624,0.0227059770344,-0.0624074660837,1.15928270138,1.64923721186
84,0,1.24845829379,0.389612610864,0.210173028498,1.33604080111,0.0552479895474,-1.17453563843,-1.24845829379,-0.389612610864
84,1,0.312114573447,0.312178808449,0.0379808264784,-0.374749463643,0.0552479895474,1.38584107362,-0.312114573447,-0.312178808449
84,2,-1.42680947862,-1.35716605788,0.243305358146,1.48234808591,0.0552479895474,-0.477029049222,1.42680947862,1.35716605788
84,3,0.0445877962068,1.15081611999,0.00136039125267,-3.70405882392,0.0552479895474,1.30446286083,-0.0445877962068,-1.15081611999
84,4,0.980931516549,0.861724576458,0.0252323999819,-0.783734917558,0.0552479895474,-0.859399675184,-0.980931516549,-0.861724576458
84,5,-1.15928270138,-1.35716605788,0.426700006096,2.04415431811,0.0552479895474,-0.179339571612,1.15928270138,1.35716605788
85,0,1.24845829379,0.0792712146308,0.392350035592,2.36016740868,0.0370131794502,1.1730154588,-1.24845829379,-0.0792712146308
85,1,0.312114573447,1.23584852301,0.00120753295574,-3.42285952171,0.0370131794502,-1.92391475766,-0.312114573447,-1.23584852301
85,2,-1.42680947862,-1.25467643441,0.116136501843,1.14413232845,0.0370131794502,0.011248531202,1.42680947862,1.25467643441
85,3,0.0445877962068,1.1470584747,0.000922782666277,-3.69165859446,0.0370131794502,-0.21221276756,-0.0445877962068,-1.1470584747
85,4,0.980931516549,0.0471746564704,0.24866386182,1.9042798184,0.0370131794502,0.0152779628567,-0.980931516549,-0.0471746564704
85,5,-1.15928270138,-1.25467643441,0.203706105673,1.70593856065,0.0370131794502,0.936585572365,1.15928270138,1.25467643441
86,0,1.24845829379,-1.3219915553,0.993906133888,6.98433454946,0.000920994514387,-1.05320746921,-1.24845829379,1.3219915553
86,1,0.312114573447,0.215802915872,0.000870121955418,-0.0567090181368,0.000920994514387,-0.242602156451,-0.312114573447,-0.215802915872
86,2,-1.42680947862,-1.3219915553,0.00361322520771,1.36627222741,0.000920994514387,1.48080406498,1.42680947862,1.3219915553
86,3,0.0445877962068,0.238842663007,0.000459845763581,-0.694546415889,0.000920994514387,0.976040956425,-0.0445877962068,-0.238842663007
86,4,0.980931516549,1.0474431091,0.000227813774558,-1.39660607527,0.000920994514387,0.130980720228,-0.980931516549,-1.0474431091
86,5,-1.15928270138,1.14189442263,1.86489655199e-06,-6.20274526758,0.000920994514387,-1.29201611598,1.15928270138,-1.14189442263
87,0,1.24845829379,1.28326835579,0.00449371578458,-1.61302315713,0.0225512718785,-1.34426699789,-1.24845829379,-1.28326835579
87,1,0.312114573447,-0.56545302135,0.28067299385,2.52143557469,0.0225512718785,-0.247557539964,-0.312114573447,0.56545302135
87,2,-1.42680947862,0.481870190929,0.00022983645121,-4.58647153516,0.0225512718785,0.39034021449,1.42680947862,-0.481870190929
87,3,0.0445877962068,-0.922074153049,0.519187293356,3.1364790771,0.0225512718785,0.715192725466,-0.0445877962068,0.922074153049
87,4,0.980931516549,1.06795268776,0.00521438504484,-1.46428768486,0.0225512718785,-1.05098627045,-0.980931516549,-1.06795268776
87,5,-1.15928270138,-1.34556406007,0.167650503635,2.00586772536,0.0225512718785,1.53727786835,1.15928270138,1.34556406007
88,0,1.24845829379,1.86945121835,0.00079818282587,-3.54742660359,0.0277116943638,-0.0905811584024,-1.24845829379,-1.86945121835
88,1,0.312114573447,0.519246062865,0.00961965271137,-1.05807140322,0.0277116943638,0.20976574902,-0.312114573447,-0.519246062865
88,2,-1.42680947862,-1.07831931923,0.0486187301907,0.562153848352,0.0277116943638,1.92964484379,1.42680947862,1.07831931923
88,3,0.0445877962068,0.0474733916706,0.0260190694584,-0.0630278204788,0.0277116943638,-0.95330169695,-0.0445877962068,-0.0474733916706
88,4,0.980931516549,-0.406318595137,0.831117569287,3.40080754871,0.0277116943638,0.0503120143781,-0.980931516549,0.406318595137
88,5,-1.15928270138,-0.951532758518,0.0561151011627,0.705564430221,0.0277116943638,-1.14583975184,1.15928270138,0.951532758518
89,0,1.24845829379,-1.07129562952,0.972114254207,6.15703799438,0.00205771855049,0.86285707992,-1.24845829379,1.07129562952
89,1,0.312114573447,-0.453721718566,0.0177168248801,2.15272227551,0.00205771855049,-2.07200560657,-0.312114573447,0.453721718566
89,2,-1.42680947862,-1.28965620813,0.00724563514881,1.25956558173,0.00205771855049,-0.287275960834,1.42680947862,1.28965620813
89,3,0.0445877962068,0.461849449462,0.000492212992544,-1.43046881119,0.00205771855049,0.749137455996,-0.0445877962068,-0.461849449462
89,4,0.980931516549,1.14436842317,0.000370013057316,-1.71645961172,0.00205771855049,0.513852407432,-0.980931516549,-1.14436842317
89,5,-1.15928270138,1.20845568358,3.3411635752e-06,-6.4223974287,0.00205771855049,0.233434624054,1.15928270138,-1.20845568358
90,0,1.24845829379,1.26060834613,0.00675071339991,-1.53824512528,0.031407212961,0.195764903809,-1.24845829379,-1.26060834613
90,1,0.312114573447,1.3003536326,0.00082820965963,-3.63572638336,0.031407212961,0.350699944605,-0.312114573447,-1.3003536326
90,2,-1.42680947862,-0.51260242922,0.00851246515882,-1.30471188867,0.031407212961,-1.86239459327,1.42680947862,0.51260242922
90,3,0.0445877962068,-0.853337730527,0.576349609985,2.90964888277,0.031407212961,0.346399839061,-0.0445877962068,0.853337730527
90,4,0.980931516549,0.114866069749,0.168779893419,1.68089815458,0.031407212961,-0.458682200524,-0.980931516549,-0.114866069749
90,5,-1.15928270138,-1.30988788874,0.207371895417,1.88813635995,0.031407212961,1.42821210632,1.15928270138,1.30988788874
91,0,1.24845829379,1.84014909682,0.00034248560777,-3.45072960254,0.0107986248436,-0.142615752441,-1.24845829379,-1.84014909682
91,1,0.312114573447,-0.937666306233,0.459017791904,3.74973941481,0.0107986248436,0.815881279957,-0.312114573447,0.937666306233
91,2,-1.42680947862,0.592586848548,7.6384963447e-05,-4.9518365053,0.0107986248436,0.881339101932,1.42680947862,-0.592586848548
91,3,0.0445877962068,-1.09986666644,0.447019690009,3.72319437129,0.0107986248436,0.762918759664,-0.0445877962068,1.09986666644
91,4,0.980931516549,0.0211159658676,0.0790048738834,1.99027349739,0.0107986248436,-1.95554821182,-0.980931516549,-0.0211159658676
91,5,-1.15928270138,-0.416318938558,0.00374014878951,-1.06064117565,0.0107986248436,-0.361975177292,1.15928270138,0.416318938558
92,0,1.24845829379,2.01633534176,0.000695199348171,-4.03214421085,0.0392130223301,0.971820366951,-1.24845829379,-2.01633534176
92,1,0.312114573447,-0.200750081859,0.146467850088,1.31791587437,0.0392130223301,0.00387148183219,-0.312114573447,0.200750081859
92,2,-1.42680947862,-1.21004898303,0.106327952716,0.99686173891,0.0392130223301,-2.06409379915,1.42680947862,1.21004898303
92,3,0.0445877962068,-0.651171667787,0.369256766229,2.24250087573,0.0392130223301,0.666338411614,-0.0445877962068,0.651171667787
92,4,0.980931516549,-0.0262068773726,0.335326478708,2.14643888008,0.0392130223301,-0.150901429003,-0.980931516549,0.0262068773726
92,5,-1.15928270138,0.0718422682896,0.0027127305802,-2.67157315825,0.0392130223301,0.572964967751,1.15928270138,-0.0718422682896
93,0,1.24845829379,-0.0590822606931,0.523134890193,2.81673387725,0.0312765880822,-0.685422441653,-1.24845829379,0.0590822606931
93,1,0.312114573447,0.538336325732,0.0101944623188,-1.12106927068,0.0312765880822,-0.897396956508,-0.312114573447,-0.538336325732
93,2,-1.42680947862,-1.6318832484,0.340940736789,2.38891481464,0.0312765880822,-0.150936336779,1.42680947862,1.6318832484
93,3,0.0445877962068,1.4973784013,0.000245406607086,-4.84771435225,0.0312765880822,-0.587731471378,-0.0445877962068,-1.4973784013
93,4,0.980931516549,0.436760951536,0.0580721800678,0.618645044684,0.0312765880822,2.07233926302,-0.980931516549,-0.436760951536
93,5,-1.15928270138,-0.78151016947,0.0361357359422,0.144489886362,0.0312765880822,0.249147943294,1.15928270138,0.78151016947
94,0,1.24845829379,-0.15740756227,0.481203515162,3.14120737245,0.0207916095784,0.68006124598,-1.24845829379,0.15740756227
94,1,0.312114573447,-0.275644002802,0.0994577659311,1.56506581349,0.0207916095784,1.53729232811,-0.312114573447,0.275644002802
94,2,-1.42680947862,-1.67042519072,0.257301063003,2.51610322428,0.0207916095784,0.400120942777,1.42680947862,1.67042519072
94,3,0.0445877962068,1.7322246438,7.51596135007e-05,-5.62270695252,0.0207916095784,-1.55275786152,-0.0445877962068,-1.7322246438
94,4,0.980931516549,0.0452575350519,0.140549668334,1.91060631908,0.0207916095784,-0.667051453327,-0.980931516549,-0.0452575350519
94,5,-1.15928270138,0.325994576936,0.000621218378179,-3.51027577678,0.0207916095784,-0.397665202019,1.15928270138,-0.325994576936
95,0,1.24845829379,0.305475848245,0.217306217997,1.61369211775,0.0432724561924,-1.26964371698,-1.24845829379,-0.305475848245
95,1,0.312114573447,1.16778859658,0.00176696819277,-3.19826176447,0.0432724561924,1.75525102499,-0.312114573447,-1.16778859658
95,2,-1.42680947862,-1.72163561795,0.634403411487,2.68509763414,0.0432724561924,0.411493811437,1.42680947862,1.72163561795
95,3,0.0445877962068,0.105988377033,0.0334947928221,-0.256127272173,0.0432724561924,-0.880131763253,-0.0445877962068,-0.105988377033
95,4,0.980931516549,0.953675146473,0.0145910695396,-1.08717179861,0.0432724561924,-0.434510272492,-0.980931516549,-0.953675146473
95,5,-1.15928270138,-0.811292350377,0.0551650837692,0.242771083356,0.0432724561924,0.417540916296,1.15928270138,0.811292350377
96,0,1.24845829379,0.117018848818,0.15356139083,2.23560021586,0.0164181671467,-0.872577695331,-1.24845829379,-0.117018848818
96,1,0.312114573447,1.25195447816,0.000507830868338,-3.47600917368,0.0164181671467,0.0383219820307,-0.312114573447,-1.25195447816
96,2,-1.42680947862,-1.34427163644,0.0692858609608,1.43979649516,0.0164181671467,0.549189794273,1.42680947862,1.34427163644
96,3,0.0445877962068,-1.1319997306,0.75568405043,3.82923348301,0.0164181671467,1.58362676384,-0.0445877962068,1.1319997306
96,4,0.980931516549,1.15255321783,0.00287195852303,-1.74346943407,0.0164181671467,-1.53937207504,-0.980931516549,-1.15255321783
96,5,-1.15928270138,-0.0452551777612,0.0016707412415,-2.28515158628,0.0164181671467,0.24081123022,1.15928270138,0.0452551777612
97,0,1.24845829379,0.866473405451,0.0538300996084,-0.23759982103,0.0682831401912,0.0938738931233,-1.24845829379,-0.866473405451
97,1,0.312114573447,-0.245137413487,0.295298564377,1.46439406875,0.0682831401912,0.0755390009788,-0.312114573447,0.245137413487
97,2,-1.42680947862,-1.01312357024,0.0966500554599,0.347007876711,0.0682831401912,0.552650253743,1.42680947862,1.01312357024
97,3,0.0445877962068,0.117683323413,0.0508526267887,-0.29472059523,0.0682831401912,-1.8140882066,-0.0445877962068,-0.117683323413
97,4,0.980931516549,1.57080527594,0.00300347376742,-3.12370122584,0.0682831401912,-0.40079364475,-0.980931516549,-1.57080527594
97,5,-1.15928270138,-1.29670102107,0.432082039808,1.84461969664,0.0682831401912,1.49281870351,1.15928270138,1.29670102107
98,0,1.24845829379,0.584726149796,0.0975405717829,0.692166122632,0.048853150538,-0.361232804982,-1.24845829379,-0.584726149796
98,1,0.312114573447,0.125625550421,0.062147013183,0.240876287851,0.048853150538,0.73937689085,-0.312114573447,-0.125625550421
98,2,-1.42680947862,-1.09003577713,0.0891775201172,0.600818159445,0.048853150538,-0.219092012194,1.42680947862,1.09003577713
98,3,0.0445877962068,1.37864914759,0.000567158217514,-4.45590781503,0.048853150538,0.492198549784,-0.0445877962068,-1.37864914759
98,4,0.980931516549,0.514050018902,0.0702341781054,0.363591122376,0.048853150538,-1.87812462967,-0.980931516549,-0.514050018902
98,5,-1.15928270138,-1.51301508958,0.631480408056,2.55845612273,0.048853150538,1.22687400621,1.15928270138,1.51301508958
99,0,1.24845829379,0.509709168673,0.107262407952,0.939722160339,0.041921447336,0.569509821409,-1.24845829379,-0.509709168673
99,1,0.312114573447,0.0358496191352,0.0717264247045,0.537136861093,0.041921447336,1.12163776274,-0.312114573447,-0.0358496191352
99,2,-1.42680947862,-1.77660890333,0.737139218873,2.86650947591,0.041921447336,0.906323288086,1.42680947862,1.77660890333
99,3,0.0445877962068,0.319558792592,0.0160366475267,-0.96090964352,0.041921447336,-0.458658534399,-0.0445877962068,-0.319558792592
99,4,0.980931516549,1.47187708381,0.00255577708641,-2.79723819183,0.041921447336,-0.328279111459,-0.980931516549,-1.47187708381
99,5,-1.15928270138,-0.560385760878,0.0233580765221,-0.585220661993,0.041921447336,-1.81053322637,1.15928270138,0.560385760878
